query_index,ranked_database_indices
0,"0,440,404,366,183,492,579,502,113,347,503,571,205,495,497,58,504,506,149,505"
1,"4,1,485,606,603,9,11,297,605,229,400,304,418,12,215,145,430,69,219,245"
2,"2,306,162,119,602,597,601,560,314,161,152,396,25,129,600,123,407,165,420,380"
3,"438,548,394,489,399,580,331,572,311,228,182,107,376,242,106,576,328,251,299,326"
4,"4,603,606,11,400,304,485,605,297,418,229,215,9,1,219,510,145,159,13,450"
5,"151,99,493,496,5,568,61,384,355,101,94,431,28,30,91,588,269,40,34,60"
6,"6,7,550,423,417,428,127,490,144,285,115,338,416,421,225,121,426,427,332,458"
7,"7,602,161,451,551,119,420,152,560,417,336,427,178,558,162,600,428,421,413,139"
8,"8,141,515,139,155,421,142,412,410,153,152,413,474,417,510,25,450,36,427,423"
9,"9,485,12,100,30,606,556,34,1,222,104,243,605,97,297,182,235,114,179,125"
10,"10,391,183,574,158,216,13,586,48,402,506,137,38,371,526,604,563,480,212,339"
11,"4,11,603,606,400,304,605,418,215,297,267,485,229,9,13,159,510,162,145,12"
12,"603,4,400,11,606,304,9,297,229,219,418,485,605,46,344,12,270,604,145,450"
13,"13,510,314,48,8,304,162,10,604,544,160,338,1,336,143,165,418,7,322,211"
14,"14,600,414,458,332,152,161,515,407,413,139,119,470,551,336,416,156,421,601,422"
15,"247,535,148,193,189,94,564,15,312,198,23,567,584,227,51,200,562,81,170,188"
16,"535,247,148,193,16,94,335,493,227,67,22,301,567,93,189,568,387,37,192,431"
17,"17,568,94,60,535,90,5,151,83,87,61,62,543,302,432,247,170,565,493,387"
18,"535,562,567,54,247,148,193,22,20,16,335,67,295,312,227,557,94,63,30,345"
19,"19,283,476,437,67,47,547,523,95,425,51,66,76,559,24,588,201,248,90,71"
20,"247,20,567,148,39,535,6,557,301,54,68,379,193,23,584,227,585,37,7,192"
21,"61,302,83,60,85,151,588,23,334,568,34,64,566,99,567,40,565,17,68,55"
22,"22,535,227,54,335,90,247,16,37,66,93,248,278,193,295,312,301,590,148,567"
23,"23,34,101,30,100,55,535,99,589,517,60,29,41,27,200,85,150,91,564,64"
24,"24,95,105,290,594,359,576,434,399,147,580,433,376,106,331,488,311,545,559,596"
25,"600,25,413,152,407,414,470,602,119,139,161,129,123,422,420,153,155,396,336,560"
26,"27,100,91,99,107,96,151,26,28,23,355,40,564,182,30,101,112,34,147,113"
27,"27,84,91,113,96,194,107,23,182,100,147,195,158,151,28,61,383,37,290,112"
28,"28,40,100,151,384,85,91,5,496,540,60,61,179,46,500,149,568,99,302,543"
29,"29,40,34,100,30,101,23,179,517,99,269,532,112,589,186,441,539,97,384,91"
30,"30,493,442,243,238,101,532,34,517,431,248,508,269,100,55,110,441,535,107,297"
31,"100,40,34,29,91,61,179,200,151,101,30,85,384,202,441,206,110,28,99,198"
32,"94,247,535,37,62,335,17,568,151,90,32,5,60,67,71,93,16,74,245,283"
33,"33,104,229,394,69,544,1,604,100,219,595,110,213,485,528,112,331,346,438,448"
34,"34,100,23,40,384,61,568,85,179,101,564,151,158,30,60,170,589,543,91,29"
35,"35,499,369,504,445,110,317,571,334,508,505,401,104,64,302,377,49,34,202,291"
36,"470,414,422,152,600,25,159,413,462,420,407,429,155,119,332,139,161,336,156,129"
37,"247,94,37,151,62,535,17,32,74,328,60,90,335,99,568,493,5,88,283,148"
38,"38,216,10,391,526,453,578,13,339,48,128,137,357,586,333,158,149,212,350,180"
39,"39,87,53,189,71,535,62,192,565,188,247,200,432,238,148,341,568,588,94,170"
40,"40,179,100,28,202,91,29,149,384,61,151,34,97,30,540,85,96,112,185,508"
41,"41,34,101,23,243,100,218,30,103,442,388,114,182,539,296,80,230,12,595,146"
42,"107,101,188,42,84,576,517,80,200,41,548,238,466,189,198,182,493,27,100,243"
43,"103,331,43,563,211,117,595,164,522,453,127,145,172,162,339,120,154,12,304,460"
44,"44,147,279,495,96,27,113,112,182,185,520,545,322,503,91,167,229,500,433,360"
45,"45,243,269,535,55,30,150,101,203,345,439,20,196,362,234,587,186,569,246,493"
46,"46,60,343,305,591,219,341,448,78,583,85,317,500,568,535,346,564,302,229,334"
47,"47,283,88,193,94,90,247,201,383,51,437,593,198,24,189,82,564,387,74,66"
48,"48,216,391,10,586,339,574,8,13,526,403,578,507,128,1,140,563,604,357,323"
49,"49,583,499,291,494,369,509,377,206,61,179,360,96,28,334,496,361,91,358,508"
50,"50,220,69,226,58,261,390,564,466,475,484,452,482,340,33,386,394,126,448,219"
51,"387,94,51,431,564,198,170,24,247,337,184,498,88,47,90,383,201,432,568,71"
52,"302,1,317,52,568,403,162,78,258,79,125,13,7,346,566,485,48,160,555,245"
53,"247,312,53,564,67,51,57,73,562,536,341,498,390,81,54,163,388,406,427,535"
54,"387,562,312,54,283,501,51,437,201,67,227,226,41,247,243,199,22,66,466,535"
55,"85,23,34,64,589,99,55,30,40,60,532,335,568,535,100,101,150,302,83,493"
56,"73,110,20,557,592,21,41,226,56,243,9,585,175,381,77,388,23,535,536,448"
57,"283,54,63,16,19,57,67,81,51,201,247,383,547,193,66,76,15,567,22,47"
58,"58,69,226,346,275,577,219,221,257,595,50,1,222,229,240,465,265,158,187,418"
59,"94,59,568,565,493,247,68,238,337,170,90,23,151,60,248,87,543,588,71,37"
60,"60,34,85,23,568,535,302,61,5,589,335,17,234,55,100,493,30,83,258,99"
61,"61,302,568,496,60,565,34,206,85,182,500,535,334,5,23,247,17,46,158,566"
62,"62,565,94,247,87,535,148,39,17,60,568,71,5,566,90,193,335,53,68,302"
63,"535,101,493,567,189,22,55,45,30,200,301,562,20,243,431,193,335,188,37,517"
64,"64,99,30,55,23,532,517,101,535,546,493,110,568,589,431,508,587,248,34,170"
65,"247,94,67,51,535,16,93,312,54,90,148,562,283,201,15,22,71,387,193,63"
66,"535,493,431,93,71,387,432,39,66,90,32,22,337,300,101,16,335,67,283,148"
67,"67,283,94,51,247,493,184,562,568,567,213,110,90,99,576,19,80,529,101,188"
68,"565,89,68,189,192,238,247,568,543,34,188,94,383,182,200,108,194,342,248,341"
69,"69,275,342,394,80,172,346,158,553,220,182,274,237,267,235,187,243,252,58,266"
70,"70,535,225,478,7,30,321,300,281,557,448,457,558,78,317,177,165,590,375,585"
71,"566,302,568,110,7,565,6,78,567,67,213,334,457,52,312,341,5,295,338,591"
72,"535,34,243,20,235,100,30,55,568,12,61,269,23,7,255,556,302,256,60,493"
73,"448,73,7,226,78,585,602,20,165,160,317,592,213,162,557,1,299,451,553,426"
74,"94,247,151,535,47,74,17,90,378,88,32,62,99,328,37,71,24,93,283,60"
75,"247,228,94,151,328,311,84,548,75,535,290,489,188,106,107,27,37,543,101,99"
76,"94,247,151,90,493,5,67,565,17,62,60,34,51,24,568,383,37,543,293,535"
77,"243,77,45,439,20,576,253,262,30,199,255,352,246,256,250,269,218,267,590,31"
78,"78,34,235,73,85,23,60,302,258,585,568,20,226,592,317,567,375,485,69,182"
79,"79,213,226,457,577,92,219,229,466,585,257,324,125,342,275,247,221,283,245,274"
80,"231,263,274,237,252,181,266,251,240,267,264,275,69,80,253,273,243,259,342,250"
81,"247,94,81,535,312,199,193,148,584,15,16,283,335,67,84,567,189,328,23,227"
82,"247,94,283,51,193,82,383,312,47,489,328,535,67,199,392,15,62,148,81,37"
83,"83,61,151,302,568,99,85,17,94,34,60,40,64,68,334,496,5,293,247,565"
84,"84,107,228,247,548,27,311,188,576,328,207,101,189,200,94,182,198,194,151,489"
85,"85,40,100,34,97,61,23,151,540,179,28,99,589,384,30,60,64,98,532,568"
86,"595,86,553,477,478,302,331,12,236,176,7,13,493,292,150,235,568,468,304,321"
87,"94,17,60,247,568,565,87,90,5,83,62,302,85,68,151,193,383,61,148,71"
88,"90,88,94,66,387,47,283,431,248,193,201,93,51,564,432,437,565,71,17,24"
89,"89,299,375,317,104,84,106,592,247,553,580,548,403,544,105,23,394,438,20,1"
90,"90,431,248,283,387,493,66,30,337,535,71,568,101,37,278,22,529,94,588,93"
91,"91,158,28,502,100,202,355,347,112,96,97,40,195,495,361,346,185,500,113,30"
92,"85,269,92,590,61,588,592,108,342,346,345,219,258,89,55,20,77,73,190,528"
93,"535,493,431,93,247,94,432,568,67,90,238,71,248,17,337,148,227,62,569,101"
94,"94,247,24,151,228,99,311,431,290,548,493,95,60,441,5,328,568,576,442,17"
95,"95,105,24,594,434,433,488,545,376,290,311,580,559,147,94,106,89,228,242,331"
96,"96,112,113,195,394,107,27,495,91,147,355,182,185,347,84,42,443,500,229,576"
97,"97,91,98,100,496,26,28,40,568,151,384,61,500,5,99,202,355,338,87,543"
98,"98,26,97,100,151,87,91,30,384,239,536,390,61,160,39,436,355,71,338,568"
99,"99,493,151,532,101,30,23,568,517,548,94,107,55,85,589,37,34,576,29,247"
100,"100,34,40,179,182,23,91,41,112,158,61,202,28,564,500,27,96,151,29,556"
101,"101,23,99,589,517,30,37,248,60,40,532,151,85,493,64,535,34,100,27,337"
102,"426,558,421,417,451,144,428,551,132,419,458,423,427,420,602,121,146,178,115,435"
103,"103,346,110,539,269,69,394,219,441,206,202,100,500,3,352,595,229,355,179,28"
104,"104,317,606,485,110,535,375,106,12,9,243,571,56,553,592,73,146,445,70,1"
105,"105,488,433,434,542,545,594,147,95,167,219,44,583,24,559,359,580,376,103,89"
106,"535,106,94,247,24,290,95,432,89,17,431,228,9,37,75,170,328,568,606,76"
107,"107,228,576,311,548,84,101,582,27,443,269,331,42,489,30,80,103,182,493,151"
108,"108,565,68,567,194,232,342,238,50,438,193,543,247,92,403,226,73,242,457,190"
109,"109,486,472,459,114,419,152,417,473,467,134,421,452,215,426,458,435,14,575,478"
110,"110,394,441,504,499,104,96,571,494,369,355,69,317,509,137,202,563,206,500,496"
111,"111,445,430,571,183,361,347,504,544,366,401,355,69,0,502,172,348,346,28,202"
112,"112,29,202,113,195,463,100,114,96,157,158,396,91,182,42,306,107,101,495,503"
113,"113,495,185,500,91,96,496,27,206,112,503,360,44,502,182,28,347,520,509,147"
114,"114,419,473,297,486,417,12,460,409,466,388,14,243,372,152,416,121,459,463,462"
115,"115,127,470,462,463,473,421,159,161,416,119,139,551,153,164,420,560,446,422,145"
116,"405,115,447,116,408,560,121,448,119,467,483,161,427,482,145,336,312,153,420,551"
117,"117,336,560,119,161,281,165,139,307,458,380,538,429,306,413,396,292,409,162,123"
118,"118,178,127,474,115,139,421,551,427,155,153,461,121,470,601,142,120,161,145,522"
119,"119,336,470,152,407,161,139,560,416,417,429,413,414,25,156,159,422,409,602,420"
120,"121,114,336,467,466,575,560,152,409,417,156,459,161,435,421,416,407,454,449,116"
121,"121,467,161,551,560,417,336,421,458,483,409,119,435,420,416,429,413,139,127,422"
122,"416,364,409,435,156,417,598,422,122,410,470,396,429,423,407,602,161,121,153,164"
123,"560,380,420,161,470,306,462,123,152,281,396,119,463,417,336,458,332,426,159,162"
124,"124,538,281,481,319,292,560,458,435,551,392,152,336,380,414,225,416,338,417,156"
125,"125,13,510,1,10,305,229,48,162,112,25,216,155,545,43,462,79,490,160,158"
126,"467,392,466,126,575,483,459,482,538,380,458,426,121,551,336,409,281,560,156,454"
127,"127,115,161,421,470,551,119,462,336,473,159,152,463,414,153,139,332,416,458,420"
128,"128,140,114,454,467,120,471,461,478,121,475,417,450,459,512,410,452,575,212,325"
129,"129,413,470,560,407,396,600,139,119,155,429,380,152,153,25,332,281,510,156,602"
130,"281,473,538,426,458,420,152,486,417,131,114,292,332,372,421,414,134,294,419,459"
131,"281,152,420,131,560,481,538,319,414,332,473,380,417,123,458,124,422,282,292,300"
132,"407,152,414,602,156,161,119,551,422,458,560,409,417,408,159,421,420,416,123,601"
133,"152,451,551,421,414,602,458,560,281,417,332,161,407,409,420,156,336,380,139,575"
134,"152,114,421,156,407,458,473,462,134,159,409,451,414,215,466,336,459,435,551,332"
135,"281,538,416,417,420,336,435,152,414,292,560,458,300,421,409,486,156,422,473,478"
136,"137,339,216,586,391,357,453,323,526,128,578,212,48,350,520,333,10,180,136,325"
137,"556,409,152,336,414,420,473,458,426,416,396,429,114,156,417,478,281,462,12,435"
138,"458,292,435,538,281,409,336,417,416,332,414,420,429,152,156,139,560,421,407,422"
139,"139,470,429,153,407,560,396,119,409,214,473,408,413,161,152,336,156,422,306,551"
140,"306,421,463,161,139,470,597,25,332,127,129,115,211,336,322,420,380,119,462,152"
141,"421,417,145,515,462,114,152,470,161,458,36,141,422,414,461,416,139,423,155,601"
142,"161,380,560,407,152,470,159,408,462,421,420,510,429,156,435,336,451,413,458,551"
143,"161,152,602,413,407,336,139,551,600,119,380,451,414,421,129,470,510,560,458,25"
144,"144,599,451,427,421,558,146,417,426,450,449,602,123,551,419,161,145,152,532,459"
145,"145,511,462,115,127,141,463,418,306,25,563,159,229,153,161,164,152,510,36,332"
146,"146,362,203,395,12,532,261,469,243,269,587,388,452,114,466,454,439,262,459,372"
147,"147,434,433,96,594,545,167,394,105,107,544,44,321,331,305,27,399,306,463,488"
148,"535,567,148,227,193,20,16,22,247,557,200,301,562,39,54,295,523,592,335,192"
149,"149,40,28,64,99,100,202,540,151,579,568,179,508,91,60,61,302,85,69,29"
150,"493,517,535,150,101,23,431,100,192,568,564,337,84,34,189,238,30,186,200,89"
151,"151,94,247,543,290,17,61,311,100,60,99,27,568,384,5,91,580,493,228,24"
152,"152,407,414,413,161,602,156,119,416,336,417,458,600,155,470,421,408,560,139,601"
153,"413,155,470,407,152,139,156,600,153,416,336,422,161,414,515,429,119,560,458,602"
154,"154,601,396,162,507,161,305,119,165,211,153,560,597,123,602,429,408,405,2,122"
155,"155,515,600,413,139,510,470,152,153,422,414,474,428,156,407,416,129,602,421,420"
156,"156,407,152,458,414,336,470,560,413,139,408,409,161,429,551,600,159,416,510,420"
157,"112,157,510,490,155,462,503,420,417,144,500,322,336,426,418,423,158,405,458,279"
158,"158,172,91,402,38,347,13,504,112,502,10,563,182,320,211,127,346,100,206,291"
159,"407,152,470,413,600,139,119,159,414,422,161,153,156,560,408,602,515,429,155,25"
160,"160,321,306,510,322,161,336,162,426,417,553,25,420,165,458,145,332,423,339,157"
161,"161,119,407,152,470,413,414,159,560,602,600,429,551,336,420,139,156,25,408,422"
162,"162,336,429,407,602,161,119,396,152,414,409,458,25,560,420,470,600,413,556,408"
163,"163,406,279,328,548,390,521,89,228,580,107,26,118,331,6,299,489,359,247,155"
164,"152,407,156,560,470,413,422,414,139,515,600,25,119,416,417,420,153,336,161,129"
165,"165,214,117,211,321,338,292,306,560,348,176,336,463,281,314,396,2,538,470,129"
166,"166,176,168,519,299,390,236,553,226,599,536,338,292,146,339,164,348,39,453,310"
167,"167,594,434,147,433,105,488,545,44,399,95,559,540,24,290,580,520,525,107,103"
168,"168,166,541,519,299,236,39,594,557,565,176,226,157,56,177,571,146,21,553,469"
169,"317,86,302,346,303,324,344,568,104,543,83,350,334,535,571,60,477,21,555,430"
170,"564,498,466,170,431,496,269,41,5,337,535,30,110,441,387,452,34,589,383,355"
171,"24,576,106,290,95,399,311,228,94,596,326,359,431,442,580,188,51,218,328,376"
172,"172,474,427,155,463,470,178,127,462,145,421,428,490,7,510,461,451,515,115,153"
173,"152,470,473,462,139,414,119,336,380,407,161,159,460,422,560,463,602,429,332,421"
174,"192,196,342,232,567,92,356,329,190,174,301,221,227,193,278,241,189,585,177,238"
175,"230,537,196,342,356,194,243,173,175,225,460,242,383,468,431,296,595,352,539,569"
176,"176,177,282,321,519,536,457,306,367,597,390,585,381,192,53,532,236,300,2,211"
177,"177,248,221,176,535,192,193,557,392,301,278,39,282,71,226,337,225,300,54,30"
178,"178,451,551,427,127,428,602,421,155,414,332,558,119,152,161,139,470,462,14,474"
179,"179,28,29,40,100,202,91,149,97,185,495,112,61,34,358,69,85,526,502,539"
180,"192,247,535,21,565,584,78,432,245,564,148,335,457,293,301,193,39,62,295,341"
181,"436,457,146,226,249,243,257,308,181,464,274,357,354,76,595,262,255,484,581,261"
182,"182,107,158,113,34,112,229,69,480,172,346,96,100,219,539,595,127,173,500,91"
183,"391,586,598,339,183,212,211,552,333,574,216,140,601,410,323,10,526,563,48,364"
184,"184,51,431,593,80,93,384,47,493,94,67,432,24,498,529,71,170,247,5,32"
185,"495,185,113,91,347,500,96,502,112,360,44,206,28,503,520,492,496,195,27,279"
186,"200,186,517,397,198,518,189,188,194,196,576,197,42,426,218,519,498,101,394,548"
187,"519,187,196,342,192,186,517,188,200,238,189,397,194,107,356,92,213,582,587,158"
188,"188,189,200,198,517,101,192,238,431,397,34,196,186,30,29,193,493,342,84,37"
189,"189,200,517,198,192,188,397,193,190,196,186,248,30,431,101,84,301,37,387,493"
190,"189,192,200,190,188,193,196,397,198,194,238,493,301,329,517,186,101,431,248,567"
191,"317,89,346,299,86,191,403,166,196,176,589,338,245,524,382,517,1,13,588,539"
192,"192,189,198,238,196,190,188,200,193,194,226,582,519,186,493,517,221,397,187,89"
193,"193,190,189,192,198,397,200,301,188,567,248,283,227,476,148,47,387,431,392,501"
194,"194,196,311,580,582,431,517,238,84,493,192,242,232,106,89,203,576,399,228,37"
195,"195,196,517,84,186,29,194,107,192,91,203,246,269,101,443,189,188,42,197,355"
196,"196,194,246,238,439,103,356,242,188,186,243,342,327,442,29,595,517,218,537,296"
197,"197,548,311,42,186,207,203,517,472,489,150,376,196,84,101,535,362,282,378,589"
198,"198,397,200,498,189,193,192,466,188,312,562,194,392,387,564,576,190,501,199,50"
199,"199,209,208,315,572,399,596,351,395,217,573,27,326,84,126,548,429,466,576,213"
200,"200,198,189,188,442,397,576,218,517,192,238,186,194,68,431,29,498,190,196,101"
201,"201,94,247,90,51,24,17,432,431,47,93,378,67,387,95,88,184,447,170,341"
202,"202,35,317,445,438,499,394,365,58,504,525,136,544,33,494,1,110,441,38,206"
203,"203,532,517,297,398,311,30,442,439,197,431,114,362,99,146,589,548,170,89,394"
204,"189,196,192,431,200,493,188,517,248,193,186,246,190,301,582,198,238,194,37,101"
205,"205,497,494,505,504,206,96,509,495,492,185,500,503,113,291,520,579,347,496,506"
206,"496,206,500,494,28,91,360,113,61,384,185,96,495,441,502,509,151,5,27,58"
207,"207,42,197,210,548,84,101,517,246,112,346,219,342,301,196,589,380,328,331,306"
208,"208,399,572,209,213,351,199,596,443,217,326,573,331,576,224,315,434,395,321,582"
209,"209,572,199,208,399,213,596,315,351,576,520,394,443,429,110,182,326,494,395,409"
210,"210,476,548,6,428,292,207,121,283,144,437,550,101,19,298,380,551,42,225,457"
211,"211,214,165,597,2,560,306,314,470,511,304,139,25,321,215,305,380,117,586,162"
212,"214,470,560,139,211,119,380,159,597,2,153,215,306,25,407,414,161,422,152,420"
213,"213,399,315,326,572,209,224,580,208,395,596,271,106,351,231,443,251,276,257,274"
214,"215,214,25,314,211,510,162,597,470,165,606,306,407,304,159,2,321,156,153,396"
215,"215,407,214,159,560,156,152,139,470,435,304,510,336,119,161,25,408,417,211,380"
216,"216,13,154,172,158,586,211,165,112,48,418,391,396,162,10,25,510,157,125,321"
217,"217,289,263,501,489,274,208,231,326,224,399,273,251,242,354,353,228,596,266,252"
218,"218,206,394,576,110,498,442,439,500,198,496,355,200,397,494,269,509,441,194,96"
219,"219,229,320,137,251,304,461,164,418,297,267,145,473,159,598,103,125,595,120,364"
220,"267,243,595,12,256,220,388,114,253,454,255,231,222,259,484,251,473,274,14,261"
221,"243,30,297,235,256,255,486,12,222,221,253,114,251,259,269,254,512,330,220,388"
222,"274,222,256,595,275,12,237,267,243,238,69,264,251,259,242,240,255,252,235,263"
223,"226,12,230,243,484,297,242,223,388,231,114,222,259,272,264,249,250,235,159,251"
224,"224,315,351,353,209,208,399,326,596,289,217,471,266,455,537,274,395,572,3,171"
225,"225,417,416,121,538,560,336,422,409,420,426,435,429,423,458,117,161,7,467,551"
226,"226,457,436,268,50,221,257,265,220,250,271,272,261,251,238,239,276,242,213,249"
227,"227,431,248,238,71,246,493,101,259,278,296,37,63,22,93,45,232,241,51,277"
228,"231,259,228,274,188,80,266,250,263,264,246,242,576,244,296,289,251,238,273,240"
229,"229,267,304,418,606,297,12,219,215,159,145,4,485,595,320,125,462,114,243,251"
230,"226,73,243,485,220,535,235,241,222,240,557,341,297,12,274,242,271,272,239,261"
231,"231,267,243,274,256,240,226,259,257,242,222,595,297,251,275,219,255,237,264,252"
232,"232,243,241,220,246,69,261,238,194,267,242,80,253,266,342,388,251,250,264,196"
233,"145,511,448,604,341,346,339,235,30,7,591,297,256,255,245,12,512,123,321,595"
234,"485,219,297,274,603,237,535,46,346,264,565,69,60,235,266,254,241,245,344,4"
235,"235,297,243,222,251,12,388,256,220,114,69,452,238,242,255,134,267,595,274,261"
236,"236,299,103,165,176,292,563,373,499,43,307,306,401,511,321,127,214,339,478,316"
237,"259,231,263,251,274,264,237,243,273,275,252,250,222,253,246,220,241,266,267,80"
238,"238,439,243,595,261,230,296,30,103,269,196,137,267,454,242,164,352,256,287,12"
239,"265,239,603,297,226,4,243,436,12,606,264,267,125,274,222,9,229,251,11,219"
240,"243,12,297,240,388,267,251,344,274,242,264,222,237,252,266,226,241,256,466,255"
241,"243,241,238,242,274,250,80,256,222,266,259,296,230,246,264,240,267,231,12,253"
242,"242,488,594,105,95,545,399,434,559,433,580,228,331,311,542,89,106,226,548,238"
243,"243,274,256,267,12,255,266,253,237,251,252,241,264,220,254,259,240,263,268,222"
244,"246,188,228,296,243,250,107,274,241,242,263,80,576,238,101,231,266,264,259,232"
245,"245,297,46,219,535,226,564,221,485,248,60,478,192,591,69,229,304,30,278,302"
246,"493,101,246,238,337,196,192,431,248,80,221,186,564,194,517,269,30,84,382,232"
247,"247,94,151,328,84,228,99,290,27,535,89,37,23,543,106,548,568,107,60,331"
248,"248,493,431,189,101,193,337,238,517,535,37,227,200,247,71,278,94,192,196,387"
249,"243,261,12,222,388,226,114,256,30,220,272,255,274,259,297,452,223,267,595,439"
250,"256,255,243,261,30,267,220,595,253,252,275,222,274,225,452,237,134,254,451,235"
251,"267,251,256,12,595,274,297,263,243,237,255,114,606,134,264,454,452,253,231,473"
252,"256,251,243,252,274,263,297,254,264,222,253,255,260,237,241,250,134,220,259,114"
253,"251,243,226,274,252,297,388,253,255,222,220,250,263,256,264,134,231,257,273,254"
254,"256,255,243,30,595,253,267,254,12,297,454,269,274,225,493,222,535,238,80,252"
255,"252,237,274,251,222,263,256,255,220,264,254,243,267,253,297,484,240,12,273,231"
256,"256,243,274,255,12,267,297,595,222,220,237,253,30,254,114,252,134,388,251,264"
257,"256,274,243,255,595,237,264,257,222,12,275,267,266,220,251,240,231,259,219,253"
258,"258,78,535,85,568,317,46,23,60,321,585,55,86,245,302,557,331,247,162,1"
259,"274,243,12,226,485,231,264,297,69,259,251,242,222,223,220,249,595,272,256,255"
260,"4,297,603,12,11,595,229,400,255,418,485,243,114,454,219,145,256,267,606,304"
261,"261,30,256,243,255,595,220,267,372,272,452,253,134,269,454,439,100,238,222,12"
262,"12,243,256,274,595,114,267,255,69,266,134,297,222,253,30,388,220,251,556,259"
263,"243,267,12,266,256,253,595,274,439,255,114,454,241,264,242,30,251,134,250,388"
264,"267,264,256,266,243,12,237,251,274,255,595,242,253,222,275,263,270,259,231,114"
265,"265,239,243,436,220,222,235,388,12,30,261,267,259,226,251,98,255,253,238,256"
266,"259,231,222,264,251,237,274,12,267,243,275,242,256,240,388,220,252,249,263,69"
267,"251,263,267,237,264,252,231,605,274,606,271,215,240,220,12,256,253,473,222,273"
268,"243,251,255,134,268,472,484,220,12,372,226,250,241,222,261,274,253,252,459,388"
269,"60,151,5,61,568,85,588,17,493,535,62,496,565,99,94,245,247,337,74,37"
270,"12,297,606,344,267,215,605,270,256,478,251,485,114,575,451,454,595,452,237,418"
271,"243,267,255,12,251,256,595,114,297,466,454,253,452,152,274,30,473,388,237,159"
272,"243,255,30,261,12,253,256,388,267,454,226,220,238,274,114,259,595,222,297,452"
273,"243,267,439,253,12,242,231,266,250,230,251,388,259,274,256,114,297,255,264,595"
274,"274,251,243,12,485,264,297,263,267,231,237,229,242,9,240,606,275,595,266,270"
275,"256,267,595,255,243,12,275,235,451,114,454,237,274,30,152,418,297,363,145,220"
276,"251,252,226,237,273,276,257,255,264,240,263,271,274,484,268,222,459,457,575,254"
277,"246,238,259,80,232,252,274,250,241,222,101,493,278,254,243,242,268,296,277,221"
278,"238,493,278,101,80,243,517,246,248,431,241,30,232,228,311,250,274,253,337,225"
279,"279,155,515,423,474,421,510,322,490,416,163,157,152,462,427,470,25,413,600,417"
280,"556,478,430,535,338,100,580,280,314,568,30,343,392,300,60,299,337,344,226,7"
281,"281,560,413,458,538,161,396,119,551,602,414,420,152,292,332,600,417,123,428,429"
282,"282,392,294,481,482,176,473,319,124,225,486,390,372,538,281,467,452,131,14,478"
283,"47,283,198,88,189,94,201,188,193,90,247,51,437,82,32,387,24,312,523,184"
284,"300,281,538,481,292,392,298,336,284,319,338,282,380,314,306,560,294,467,478,602"
285,"306,300,281,336,538,292,152,473,478,396,463,556,338,560,123,481,319,114,282,332"
286,"12,286,297,235,344,485,243,145,418,30,304,69,1,450,114,595,229,256,478,7"
287,"473,114,281,462,123,458,463,409,414,152,372,14,363,454,538,420,332,159,417,486"
288,"152,332,560,300,417,321,14,281,575,473,457,463,420,454,225,414,336,123,161,538"
289,"315,224,289,209,351,208,326,399,199,572,596,274,276,33,257,213,573,443,228,217"
290,"290,24,594,95,376,228,247,94,311,331,543,89,580,106,151,559,328,147,75,434"
291,"291,499,583,49,369,494,504,38,96,377,579,206,91,509,13,506,112,185,158,35"
292,"292,319,300,294,338,124,282,225,138,281,176,285,538,337,131,321,481,390,476,284"
293,"478,535,293,556,338,321,568,30,162,300,165,306,337,297,314,12,7,158,176,281"
294,"281,319,538,292,481,294,417,282,300,225,560,426,392,131,459,124,420,152,478,380"
295,"295,278,54,227,193,301,248,6,457,7,476,71,585,63,247,177,233,192,67,221"
296,"296,439,243,230,537,103,259,246,256,388,297,454,30,222,137,242,238,318,250,261"
297,"297,114,450,12,511,478,251,243,69,452,463,344,462,454,256,30,219,145,459,388"
298,"292,298,458,602,413,281,551,416,429,409,336,600,332,560,417,435,428,538,152,396"
299,"299,176,331,594,89,236,338,548,147,580,165,211,434,163,563,317,214,348,39,314"
300,"300,281,292,298,560,538,332,413,152,119,422,139,414,551,420,417,380,458,470,416"
301,"193,301,189,190,248,192,37,278,517,584,245,198,227,397,329,337,148,86,342,200"
302,"302,568,317,60,61,158,493,83,85,499,52,182,403,565,543,34,588,86,269,40"
303,"303,485,365,33,106,441,521,317,375,553,108,311,102,135,444,543,581,344,606,150"
304,"215,306,304,314,214,2,560,470,119,336,211,321,161,117,152,165,380,129,281,162"
305,"305,2,165,597,162,211,306,119,161,601,560,314,304,470,332,154,25,320,152,420"
306,"306,162,336,161,560,338,129,281,435,119,314,152,407,396,413,332,429,602,139,416"
307,"307,601,161,119,600,139,396,162,407,306,413,560,408,336,405,602,152,123,380,458"
308,"124,308,552,319,514,284,325,225,481,318,460,512,288,174,120,372,333,327,130,300"
309,"193,248,283,66,247,16,90,301,148,227,189,94,37,62,192,383,71,67,190,51"
310,"310,396,306,413,600,601,119,129,25,470,161,380,602,139,162,332,407,159,165,153"
311,"311,582,517,580,194,394,203,395,376,431,521,186,89,196,443,187,30,493,297,243"
312,"312,332,397,457,417,225,198,121,558,466,467,562,426,116,126,427,390,551,421,447"
313,"161,417,117,114,336,420,160,414,429,14,478,164,225,422,560,462,123,473,470,463"
314,"314,306,2,380,162,165,597,338,211,321,305,129,336,119,560,281,161,332,307,601"
315,"315,224,209,596,326,351,399,572,395,208,213,580,289,33,573,199,443,394,369,106"
316,"316,165,463,211,306,511,443,314,69,297,321,478,462,214,158,202,112,320,597,100"
317,"317,403,202,365,104,89,302,86,258,35,350,46,56,236,568,150,541,38,1,70"
318,"407,602,336,152,458,281,161,156,429,435,560,413,470,414,416,417,332,119,409,551"
319,"292,319,372,281,426,124,123,300,130,552,417,409,225,12,294,327,131,420,538,458"
320,"470,152,420,332,25,560,139,414,161,407,422,421,380,462,123,413,119,429,600,336"
321,"321,322,336,306,129,2,281,314,25,162,161,152,449,165,332,560,338,602,417,458"
322,"322,336,321,129,332,420,306,152,25,161,421,155,600,380,414,510,597,458,470,162"
323,"339,325,333,323,586,410,165,212,140,453,598,601,391,211,314,396,321,560,512,162"
324,"324,302,245,591,85,86,317,177,60,52,513,258,367,535,78,403,335,334,191,341"
325,"333,325,339,323,453,140,212,586,552,410,512,391,598,318,120,128,357,180,165,578"
326,"326,576,399,95,442,24,582,290,194,443,107,580,351,228,311,242,213,596,573,436"
327,"327,372,319,281,481,538,473,300,225,282,124,294,292,459,123,420,460,152,486,409"
328,"328,548,228,107,489,399,188,247,576,84,311,163,101,89,582,517,27,94,290,106"
329,"329,192,535,248,345,221,395,225,476,392,301,190,330,196,194,337,54,303,186,562"
330,"146,426,261,225,243,486,395,372,451,558,472,20,7,345,330,553,417,459,292,255"
331,"331,160,321,292,332,281,322,478,420,556,7,553,551,152,162,115,339,161,2,299"
332,"332,458,281,407,409,156,152,336,435,470,417,414,429,416,298,560,538,380,473,551"
333,"300,298,292,336,392,538,332,281,390,338,435,7,458,560,420,337,165,551,467,284"
334,"334,302,85,158,61,83,499,86,500,46,60,494,588,589,91,34,568,99,49,206"
335,"335,535,94,17,247,60,568,85,67,5,71,37,170,90,34,62,148,564,64,589"
336,"410,120,336,117,140,161,114,598,416,461,470,417,121,601,139,551,127,119,429,152"
337,"337,292,321,225,477,269,176,478,319,121,300,7,338,568,535,248,493,336,245,285"
338,"306,338,129,314,123,396,165,25,414,600,152,336,560,380,162,602,119,332,601,470"
339,"339,333,586,323,325,391,453,318,598,410,212,552,140,601,512,128,120,211,165,461"
340,"433,594,434,105,545,95,583,46,147,290,525,24,488,559,544,89,43,580,219,438"
341,"341,568,247,565,447,7,5,383,564,116,337,245,348,338,17,427,71,412,94,599"
342,"342,517,101,196,238,246,248,194,37,232,186,225,150,243,188,431,493,42,55,278"
343,"343,485,341,12,297,344,535,46,606,238,568,274,564,543,388,226,286,104,17,386"
344,"344,12,297,605,606,478,215,485,452,4,267,388,251,486,419,473,454,214,255,11"
345,"252,375,330,278,489,317,41,535,274,570,486,251,485,35,237,254,73,225,243,104"
346,"188,346,84,582,247,311,107,192,80,189,443,493,228,576,151,198,290,238,196,106"
347,"347,502,158,91,495,112,185,500,492,113,366,229,96,183,503,172,361,182,430,510"
348,"348,553,599,146,2,463,306,13,161,304,314,114,355,145,454,321,322,510,532,396"
349,"73,191,367,457,557,385,585,177,1,381,78,349,403,52,469,592,258,18,321,233"
350,"403,350,519,79,577,367,1,125,236,566,73,177,275,381,324,302,89,157,78,557"
351,"351,208,399,209,217,199,596,395,576,315,224,573,582,443,572,107,194,326,359,406"
352,"406,359,498,26,163,576,399,107,147,113,279,440,398,443,27,195,461,44,454,328"
353,"576,399,351,217,326,353,580,224,582,443,311,439,352,199,376,194,106,487,218,228"
354,"354,467,466,452,459,392,454,482,575,472,126,121,483,538,386,478,134,387,389,395"
355,"107,399,548,311,576,488,147,580,594,359,582,167,195,228,443,376,355,26,559,44"
356,"188,356,189,342,217,263,80,241,246,107,296,242,397,289,238,174,243,173,198,266"
357,"586,333,339,453,323,128,391,216,120,578,140,212,325,137,357,180,318,526,512,598"
358,"358,185,509,495,179,91,28,96,355,360,195,167,492,113,44,347,100,502,404,149"
359,"359,24,533,398,406,596,520,434,399,488,487,559,95,580,44,594,433,290,89,576"
360,"185,495,206,96,360,91,113,500,496,347,502,509,494,492,355,27,44,195,497,520"
361,"361,496,500,206,346,564,341,69,338,293,306,493,566,384,563,508,568,494,158,304"
362,"311,548,228,290,362,331,521,107,594,489,545,580,376,134,478,203,9,556,26,299"
363,"601,119,560,162,153,396,306,139,215,407,408,159,304,470,600,310,145,161,152,363"
364,"598,153,601,364,470,410,408,159,414,139,119,122,586,25,407,405,446,161,422,600"
365,"365,441,399,106,572,438,494,317,488,573,311,394,95,376,576,443,326,206,580,110"
366,"366,347,91,492,183,202,502,0,28,495,185,195,111,445,38,113,167,96,69,44"
367,"317,485,89,73,1,367,78,46,592,299,302,226,544,434,160,58,568,381,104,403"
368,"541,401,571,9,1,226,430,485,236,317,478,578,104,553,525,543,544,202,149,33"
369,"369,583,49,438,494,596,499,572,206,96,496,497,509,50,334,399,434,205,291,110"
370,"370,485,418,405,550,604,435,423,371,182,346,229,591,3,508,112,78,6,46,331"
371,"104,89,69,346,343,219,106,274,213,85,485,317,78,73,275,187,271,33,543,46"
372,"372,458,14,123,473,114,396,414,292,426,417,159,420,409,419,285,327,300,462,463"
373,"396,602,119,409,332,429,458,162,414,161,159,601,165,123,470,417,413,446,422,551"
374,"374,213,106,487,578,469,271,65,576,137,108,567,242,58,275,581,457,73,521,18"
375,"562,532,292,225,417,7,426,160,517,146,538,121,338,420,599,375,560,110,321,161"
376,"376,311,582,580,326,594,228,488,331,218,443,89,434,576,238,106,202,242,487,382"
377,"377,579,339,357,323,401,526,333,350,578,334,453,325,369,318,128,583,391,504,140"
378,"378,564,392,247,593,51,170,90,194,383,94,431,201,432,47,337,71,193,74,498"
379,"379,564,395,203,146,431,466,170,517,532,452,362,467,378,186,261,587,498,337,472"
380,"413,560,380,470,417,152,156,602,407,600,119,414,161,332,420,422,139,396,551,155"
381,"176,177,381,21,282,226,390,457,535,536,338,557,300,39,166,319,192,367,341,292"
382,"606,382,317,553,485,176,578,605,35,365,104,9,106,541,202,544,535,1,89,445"
383,"383,312,337,564,498,116,247,431,389,454,71,5,392,338,447,173,496,121,7,568"
384,"384,28,202,441,100,508,595,493,346,61,496,543,5,568,218,149,69,361,238,58"
385,"457,370,478,226,302,73,324,591,286,78,270,367,375,33,385,109,562,317,485,585"
386,"386,459,467,482,466,483,452,484,436,457,354,475,471,141,454,50,388,390,479,447"
387,"437,387,47,19,210,66,283,90,88,201,498,397,562,564,501,312,466,482,193,392"
388,"388,452,471,459,114,222,454,225,261,390,456,256,419,466,255,467,134,243,12,472"
389,"458,336,152,332,409,538,473,121,560,414,407,421,416,417,156,435,423,551,449,575"
390,"390,482,467,457,386,121,392,459,475,50,126,452,466,312,354,225,471,575,551,483"
391,"214,154,211,563,470,396,560,306,380,402,153,281,506,408,2,391,321,165,409,155"
392,"392,482,467,121,459,466,483,481,225,575,312,116,126,447,354,538,390,457,389,419"
393,"459,225,466,419,467,472,354,393,114,392,388,121,426,481,478,126,449,452,486,458"
394,"394,576,107,399,331,110,311,548,580,147,228,376,218,269,572,182,443,27,84,103"
395,"395,466,243,146,394,452,261,20,426,41,439,110,456,576,30,595,472,362,77,352"
396,"396,161,560,413,119,470,380,600,152,458,123,159,306,414,602,407,429,139,409,25"
397,"397,188,84,198,189,576,200,342,217,107,199,394,582,195,192,443,194,395,196,328"
398,"398,359,203,439,362,532,311,399,30,576,286,582,533,352,355,297,243,580,55,290"
399,"399,594,208,147,351,433,434,596,572,95,359,573,290,443,576,315,331,228,209,224"
400,"514,297,12,606,388,251,356,114,243,439,266,485,134,460,605,264,270,289,69,256"
401,"401,214,183,571,361,211,306,348,297,314,202,482,236,441,463,2,586,165,452,478"
402,"402,13,158,306,396,510,154,304,463,2,25,361,597,314,215,586,153,172,470,183"
403,"403,566,302,52,565,6,346,317,62,568,245,13,513,86,79,48,278,78,275,438"
404,"404,440,546,69,112,579,504,9,462,358,466,114,297,463,505,149,40,159,30,571"
405,"458,413,408,139,560,336,600,405,407,161,119,152,429,420,551,421,602,422,417,426"
406,"406,163,279,118,359,26,399,521,208,328,490,573,107,576,44,580,489,594,39,217"
407,"407,156,408,458,560,435,413,409,139,414,470,152,429,119,161,600,422,416,153,602"
408,"407,408,156,458,435,413,152,429,336,409,560,139,161,414,470,600,119,602,417,416"
409,"458,409,407,156,152,414,602,161,336,551,429,413,435,416,417,421,600,560,408,470"
410,"139,600,429,119,602,161,446,414,336,413,152,551,407,155,410,470,458,409,416,422"
411,"458,407,409,152,156,429,414,336,161,435,422,416,417,602,551,413,408,119,421,600"
412,"407,156,458,409,336,510,416,152,423,435,408,429,421,470,413,417,139,560,414,161"
413,"413,600,161,458,139,396,155,152,420,560,470,332,602,417,429,414,119,336,129,380"
414,"414,152,413,600,458,161,470,420,119,602,407,551,422,417,336,421,416,396,332,380"
415,"409,416,435,458,417,422,429,473,414,156,420,164,336,114,152,407,470,560,538,446"
416,"416,152,413,458,156,417,421,407,423,600,422,560,515,414,551,336,155,139,409,470"
417,"417,422,560,420,470,152,421,416,413,161,458,414,139,429,602,435,121,156,551,426"
418,"418,152,161,421,427,560,417,462,515,155,408,420,414,458,159,413,416,336,139,422"
419,"419,426,417,114,458,421,152,420,121,423,435,336,414,161,409,416,449,422,560,396"
420,"413,420,417,560,602,551,600,426,161,119,458,422,152,414,380,332,421,429,470,123"
421,"458,421,420,429,413,417,426,551,161,152,407,409,380,470,560,416,600,422,156,414"
422,"458,429,409,156,422,417,407,413,414,152,416,161,420,435,336,470,551,560,602,139"
423,"413,423,458,551,602,139,417,428,155,156,600,422,416,515,407,429,414,152,421,153"
424,"446,602,396,119,600,458,407,161,409,413,551,414,429,156,152,336,159,408,601,422"
425,"417,152,429,458,560,413,161,602,407,551,420,435,426,422,421,336,119,414,408,156"
426,"426,417,420,421,419,458,121,560,423,538,416,409,482,380,396,161,435,470,422,473"
427,"602,427,551,421,451,152,414,161,417,156,155,178,413,407,428,336,139,119,458,470"
428,"428,413,429,602,551,139,417,458,409,416,161,446,422,119,600,155,421,435,560,178"
429,"458,435,429,560,407,417,336,161,152,413,409,156,408,470,422,139,421,380,551,119"
430,"430,112,548,331,157,160,321,182,314,306,129,544,510,25,420,470,462,463,161,503"
431,"437,90,283,66,387,431,47,201,51,88,193,93,19,248,94,67,22,71,247,383"
432,"535,432,392,170,431,247,568,94,17,90,387,293,5,564,337,341,383,447,493,300"
433,"434,433,147,545,594,544,488,44,167,487,520,399,525,438,279,105,559,331,540,290"
434,"433,434,147,545,594,488,544,438,105,44,520,167,487,559,376,525,95,219,533,125"
435,"435,458,409,417,156,161,538,336,407,560,429,421,121,413,551,408,416,152,423,420"
436,"436,386,466,484,482,498,457,312,354,50,452,467,226,459,564,454,121,265,390,472"
437,"437,387,201,47,498,397,386,66,312,482,90,88,564,562,501,210,50,19,283,466"
438,"438,399,434,369,394,44,572,520,147,96,580,217,573,209,376,494,433,206,594,489"
439,"439,352,243,442,297,517,203,101,30,250,80,251,253,114,267,246,29,103,530,508"
440,"440,404,561,279,144,505,44,112,579,504,96,113,167,163,207,398,510,462,545,474"
441,"441,442,69,58,240,231,265,222,275,485,220,264,581,256,80,252,365,237,259,271"
442,"442,311,576,80,431,439,228,107,441,399,238,218,493,101,194,250,443,30,243,582"
443,"443,311,582,228,80,326,107,289,442,222,238,493,103,576,285,246,388,256,296,218"
444,"444,544,182,581,545,548,299,160,487,33,594,8,489,89,99,245,105,526,26,112"
445,"445,38,202,112,111,149,28,136,539,508,158,528,571,504,361,172,346,430,555,69"
446,"598,410,446,552,364,601,602,409,396,161,416,429,422,413,408,407,435,551,153,156"
447,"116,447,121,119,560,336,483,551,161,408,421,139,115,467,417,414,420,470,152,458"
448,"449,336,556,551,602,482,426,467,458,126,560,152,161,407,429,538,575,435,483,466"
449,"449,152,407,426,336,417,450,560,419,156,321,25,435,602,458,421,414,420,281,429"
450,"450,152,449,114,560,421,214,417,407,215,336,478,462,470,121,156,420,161,451,575"
451,"451,551,421,602,152,558,417,161,428,413,414,420,560,332,426,139,380,458,178,119"
452,"452,466,459,467,575,472,454,152,114,451,449,419,482,414,551,483,156,450,560,159"
453,"332,551,225,560,152,449,380,2,451,321,417,161,421,558,414,126,538,390,420,281"
454,"482,467,483,466,121,459,575,421,551,392,452,560,380,449,420,451,426,126,454,409"
455,"575,459,467,466,454,452,152,451,114,472,551,409,449,121,414,538,421,392,225,417"
456,"575,467,449,459,466,458,392,538,417,452,407,426,126,156,551,409,483,560,152,482"
457,"558,551,417,380,560,421,152,426,451,332,458,459,161,602,121,414,420,413,457,428"
458,"458,409,407,156,435,152,414,417,336,413,161,429,421,416,408,600,602,139,560,551"
459,"459,472,451,421,558,426,466,152,467,134,575,419,114,483,417,452,551,156,458,420"
460,"460,173,121,458,473,470,114,417,409,462,139,429,152,380,421,416,463,467,336,560"
461,"470,460,155,420,462,173,422,152,119,25,474,551,417,602,414,515,139,396,178,159"
462,"462,463,470,145,159,152,25,332,407,510,306,164,161,560,153,421,420,473,336,515"
463,"463,470,462,473,214,306,2,560,152,380,420,114,25,117,164,414,363,159,14,119"
464,"114,462,419,417,421,473,420,463,152,470,460,14,426,121,414,467,161,458,464,560"
465,"462,465,420,451,336,332,152,510,511,322,478,380,25,470,421,159,114,161,597,145"
466,"466,482,467,392,459,483,121,575,421,409,452,156,420,472,426,560,538,449,454,551"
467,"467,458,409,121,473,417,538,560,156,421,161,435,114,470,551,407,152,380,336,420"
468,"551,457,558,390,7,447,225,602,116,451,427,332,300,392,421,161,560,417,468,414"
469,"467,466,459,452,575,482,454,457,483,121,448,392,560,551,354,225,114,451,426,119"
470,"470,560,161,413,139,152,408,153,380,119,332,155,600,429,416,407,417,458,396,422"
471,"152,459,462,114,421,560,159,156,426,458,483,472,414,450,215,466,407,419,420,417"
472,"472,459,450,109,152,466,449,134,452,575,114,417,471,297,560,419,142,156,421,420"
473,"598,461,410,364,140,120,153,470,601,473,586,164,422,416,515,552,212,318,139,417"
474,"461,474,421,470,416,462,152,417,420,155,515,114,414,426,601,427,463,157,140,380"
475,"467,459,538,575,417,435,454,452,114,156,152,419,560,472,414,409,450,458,466,407"
476,"476,481,124,319,248,225,300,6,282,292,392,193,477,337,278,301,7,37,190,298"
477,"477,478,292,473,417,121,225,538,336,467,7,435,420,281,419,321,458,421,486,319"
478,"478,426,419,467,558,556,417,451,7,459,421,121,114,420,126,281,336,449,225,152"
479,"511,560,420,597,467,152,459,462,119,451,417,473,211,161,2,454,332,478,435,123"
480,"155,470,515,152,421,25,417,420,161,159,413,474,422,416,414,153,462,336,423,407"
481,"481,538,380,281,417,426,414,551,560,458,319,413,225,421,420,482,124,392,292,416"
482,"482,560,380,152,420,511,426,463,449,467,161,321,462,421,417,165,470,281,121,214"
483,"483,459,467,156,152,575,139,551,414,407,421,458,470,409,121,560,482,422,447,116"
484,"483,421,484,412,482,116,141,142,419,156,121,447,152,466,459,515,458,409,467,364"
485,"485,606,215,4,605,229,418,297,12,478,604,603,11,304,145,162,69,104,510,9"
486,"152,602,451,114,417,449,486,414,123,421,426,419,416,7,133,556,336,161,600,458"
487,"487,488,434,544,105,433,418,374,533,545,1,13,490,594,304,145,7,8,580,299"
488,"542,488,433,526,11,574,594,559,533,339,604,434,391,603,487,105,513,544,520,38"
489,"489,548,576,228,107,311,331,521,243,242,238,439,290,194,595,352,267,399,388,182"
490,"490,515,155,510,474,279,141,153,152,421,600,470,413,418,145,139,414,423,8,332"
491,"491,577,239,265,267,58,39,226,257,0,125,9,268,484,275,436,118,243,557,215"
492,"492,347,495,185,366,502,113,579,404,205,91,497,0,358,195,440,503,279,26,96"
493,"493,30,101,269,517,196,186,238,292,532,248,337,55,150,508,355,34,107,443,99"
494,"494,206,497,500,48,496,583,205,563,520,28,441,1,499,402,361,502,202,49,110"
495,"495,185,91,96,113,360,347,502,28,206,500,112,44,492,27,503,496,195,520,509"
496,"496,206,500,113,360,28,91,61,151,198,5,509,384,495,502,185,184,568,494,355"
497,"497,205,520,579,216,494,391,195,578,504,586,360,149,137,526,48,492,503,480,563"
498,"498,564,184,466,198,27,576,51,378,41,431,188,326,247,107,454,311,496,593,84"
499,"499,43,583,49,291,508,563,494,13,149,525,38,46,302,305,165,40,48,154,35"
500,"500,496,206,91,185,495,494,113,28,96,151,564,40,27,99,502,112,441,61,97"
501,"501,188,397,198,246,576,101,200,296,29,103,186,238,436,189,107,217,466,80,195"
502,"502,296,38,103,539,136,537,318,492,202,361,137,316,29,287,169,366,3,480,347"
503,"503,112,113,520,495,216,504,48,157,185,364,492,500,391,461,579,405,212,205,510"
504,"504,505,112,158,503,445,35,96,579,291,205,402,110,495,404,499,494,377,510,497"
505,"505,504,503,404,205,112,136,58,497,522,445,172,528,465,484,446,440,137,462,3"
506,"506,507,154,153,291,598,563,391,601,164,211,402,8,155,574,586,159,396,446,122"
507,"506,507,154,563,211,402,153,305,291,598,391,306,183,586,396,601,304,164,13,165"
508,"508,296,439,246,238,103,242,259,249,222,101,231,243,442,218,388,230,29,287,493"
509,"509,96,355,91,358,206,49,113,61,185,34,500,496,360,179,369,497,40,499,100"
510,"510,407,156,152,470,515,155,413,153,560,25,416,139,159,336,129,215,600,119,408"
511,"215,606,304,145,511,159,152,450,510,25,605,560,418,462,407,211,165,473,156,214"
512,"152,602,560,145,601,407,396,417,470,161,413,414,25,421,450,551,119,162,156,451"
513,"302,513,104,78,478,591,317,566,568,236,60,46,324,485,86,158,370,346,52,528"
514,"514,152,410,460,417,215,336,473,416,451,212,161,114,14,414,435,602,133,551,164"
515,"152,515,407,560,139,380,413,414,156,470,551,600,408,161,153,421,332,458,601,155"
516,"516,518,517,186,519,196,187,150,346,42,37,342,248,524,101,89,589,548,188,532"
517,"517,200,30,431,532,186,397,439,189,198,188,203,442,548,101,589,196,248,576,29"
518,"518,186,516,517,187,150,196,493,197,42,589,346,204,519,587,203,532,101,319,481"
519,"187,518,519,186,196,342,517,516,192,493,238,194,587,213,232,329,188,150,92,356"
520,"520,461,216,195,391,480,578,147,586,128,157,598,339,490,526,44,279,143,418,48"
521,"521,228,311,163,290,548,576,376,580,331,488,89,106,328,443,594,406,326,544,238"
522,"118,522,364,139,421,155,153,178,551,422,127,600,142,446,423,414,515,156,115,116"
523,"523,312,193,39,67,283,189,192,247,567,226,562,148,188,238,278,227,565,535,568"
524,"535,592,78,55,177,21,524,30,585,20,375,557,532,23,34,335,150,317,85,381"
525,"525,488,540,594,105,433,542,545,38,434,44,544,167,49,583,40,499,147,151,559"
526,"565,543,341,8,430,151,302,94,526,591,68,247,568,338,1,99,314,544,17,331"
527,"230,238,194,436,595,539,537,261,196,296,390,226,536,243,466,484,388,452,173,41"
528,"528,61,38,555,179,49,302,202,28,494,149,13,83,40,539,172,583,229,158,137"
529,"532,355,30,5,7,529,160,146,269,162,568,448,157,245,478,145,348,297,346,599"
530,"532,589,99,55,85,245,30,517,157,306,23,101,478,535,355,587,129,321,112,449"
531,"12,297,344,606,605,114,485,478,556,486,215,267,134,235,256,243,222,255,452,450"
532,"532,23,517,30,589,34,55,101,355,493,99,189,564,150,587,84,107,170,248,269"
533,"533,359,290,559,488,399,328,44,487,433,434,594,228,545,147,542,576,418,580,107"
534,"534,329,196,192,342,34,189,23,301,517,535,232,200,193,584,55,186,238,101,493"
535,"90,535,170,94,17,66,23,62,93,248,247,60,87,432,568,71,564,37,148,245"
536,"390,532,225,536,160,449,321,486,538,417,146,426,585,109,420,292,435,452,419,553"
537,"431,184,290,24,94,51,247,576,80,311,580,493,432,95,498,328,582,107,568,228"
538,"538,560,281,292,420,551,161,417,409,458,416,435,123,117,426,414,119,152,549,422"
539,"539,172,100,112,346,158,604,544,219,229,179,490,532,30,338,306,182,510,157,160"
540,"540,40,488,28,525,151,99,384,594,83,434,331,85,543,433,5,64,302,545,17"
541,"541,1,553,182,157,436,331,213,519,196,430,238,443,595,226,12,30,229,478,299"
542,"488,433,594,434,542,105,545,147,95,359,376,487,167,580,559,540,399,544,44,525"
543,"543,68,565,302,384,17,94,5,580,89,346,61,568,108,194,539,566,151,290,85"
544,"544,147,580,160,545,548,594,299,430,489,434,532,331,144,418,328,553,487,376,478"
545,"545,105,434,433,147,594,43,46,583,488,167,331,305,525,559,219,320,95,44,49"
546,"546,64,99,61,40,358,83,151,588,30,91,113,529,5,55,85,179,23,28,283"
547,"17,387,60,535,94,90,335,568,85,83,589,5,247,99,302,588,283,248,66,62"
548,"548,107,328,489,228,42,163,188,207,517,576,84,399,331,101,217,210,279,37,189"
549,"538,281,409,560,458,429,435,416,292,119,117,407,551,414,161,336,413,156,396,602"
550,"429,458,409,281,538,602,435,413,119,560,551,161,396,414,422,417,408,162,407,420"
551,"410,140,552,551,598,602,601,417,416,470,414,161,422,458,421,409,413,420,429,396"
552,"538,281,292,458,435,409,481,319,416,156,473,420,414,552,417,560,549,336,551,426"
553,"553,321,556,339,165,162,322,154,12,13,486,160,453,336,304,143,410,325,25,306"
554,"538,602,281,458,409,435,292,429,554,551,556,549,161,336,162,298,160,414,420,2"
555,"555,430,528,302,69,478,83,346,568,566,543,539,256,60,401,334,158,361,172,111"
556,"556,336,152,114,458,322,407,435,161,414,162,429,306,449,409,602,450,420,421,156"
557,"557,535,226,39,243,21,30,23,55,177,532,585,592,73,146,56,20,235,448,12"
558,"558,451,551,421,426,152,560,602,417,428,332,380,420,427,483,121,129,449,459,447"
559,"95,559,94,290,24,247,433,5,543,496,594,17,434,568,359,487,331,595,147,286"
560,"560,417,458,152,413,416,156,407,422,470,435,336,409,161,420,429,414,551,139,421"
561,"561,144,558,428,178,6,426,451,421,127,427,115,172,550,440,417,548,7,490,133"
562,"45,18,55,56,20,345,295,524,585,272,590,21,175,587,204,150,329,534,557,277"
563,"563,154,153,506,211,396,507,305,601,119,408,165,145,164,304,405,162,310,159,418"
564,"564,170,498,466,378,392,387,431,383,101,452,337,90,535,34,47,201,51,247,593"
565,"565,568,5,94,247,89,302,60,588,62,87,68,583,403,523,90,37,432,17,591"
566,"566,535,346,302,35,317,23,334,10,403,52,568,565,158,64,504,293,60,193,555"
567,"567,565,247,108,302,295,568,85,227,92,148,193,89,590,258,6,588,60,523,61"
568,"568,535,302,94,60,17,493,110,34,293,432,247,30,158,100,565,61,337,87,431"
569,"562,535,569,200,426,243,41,20,198,30,568,23,7,34,419,312,388,498,558,226"
570,"489,228,548,535,331,247,278,23,328,89,584,248,570,226,379,107,243,311,376,37"
571,"571,110,146,348,394,137,269,214,202,317,236,56,553,527,586,104,582,102,365,243"
572,"572,208,399,209,596,369,328,443,573,438,199,315,213,326,351,251,494,489,106,263"
573,"399,208,573,217,489,199,351,576,572,209,228,438,224,326,548,315,394,411,331,289"
574,"574,526,424,391,480,586,48,339,598,563,371,333,127,216,120,578,522,520,137,140"
575,"575,483,467,407,156,466,114,152,458,409,408,161,560,159,414,462,459,121,551,421"
576,"576,399,359,24,95,572,147,228,596,406,163,107,290,328,217,533,489,26,44,548"
577,"577,268,265,239,274,275,221,222,257,491,223,237,219,271,241,264,226,249,39,240"
578,"544,376,434,433,487,488,594,46,331,438,229,525,430,580,33,213,1,302,305,578"
579,"579,404,377,440,149,497,504,578,195,205,96,391,334,339,520,492,112,323,0,29"
580,"580,311,290,399,594,576,106,213,331,376,582,544,228,543,194,434,487,147,167,297"
581,"581,444,179,182,374,441,539,346,553,1,375,567,238,190,69,194,196,3,526,577"
582,"582,395,192,194,443,573,218,196,580,311,432,394,269,107,84,576,431,199,228,337"
583,"49,583,499,494,291,369,206,377,509,61,96,179,496,361,334,540,50,563,85,28"
584,"584,193,23,245,301,535,283,328,192,189,148,397,39,34,278,247,221,564,566,81"
585,"585,34,532,23,110,146,468,535,395,225,466,41,20,448,55,243,379,589,71,247"
586,"2,597,214,306,560,281,25,314,211,380,215,165,470,510,407,129,429,139,117,538"
587,"532,517,548,587,394,107,599,110,146,409,435,157,269,121,42,355,55,30,396,123"
588,"60,151,85,61,17,99,94,589,588,62,83,5,568,565,335,23,535,87,148,493"
589,"532,589,34,23,30,55,85,517,101,99,269,535,100,335,355,29,60,203,493,170"
590,"248,535,493,193,30,225,227,278,337,177,243,20,238,431,90,71,532,557,235,192"
591,"591,447,6,419,426,423,116,7,142,421,599,115,427,245,417,450,405,449,560,430"
592,"535,235,30,556,321,606,592,553,448,23,73,317,78,7,379,457,314,312,162,146"
593,"47,498,198,564,247,387,201,51,94,593,67,184,312,41,90,431,466,378,562,170"
594,"594,434,433,580,167,331,105,545,299,95,147,376,399,488,544,487,89,559,290,213"
595,"114,595,463,462,243,69,112,297,145,473,172,12,419,30,36,466,182,229,454,439"
596,"576,596,399,184,442,228,311,582,580,326,24,359,290,107,431,198,95,106,51,439"
597,"470,407,139,429,156,597,119,153,602,413,560,409,408,332,435,422,414,336,161,215"
598,"598,552,410,601,120,396,470,461,364,602,422,153,164,586,119,159,446,473,409,551"
599,"599,532,161,160,336,355,164,321,7,165,30,117,338,162,115,463,306,517,560,121"
600,"413,600,408,602,407,458,161,422,155,551,119,429,414,416,156,152,435,409,396,446"
601,"600,413,601,602,119,153,155,422,414,152,139,551,161,428,178,515,396,560,332,417"
602,"602,413,458,551,429,600,409,417,407,152,156,139,422,161,414,119,435,416,560,428"
603,"603,4,11,400,606,418,485,229,304,215,297,219,605,604,159,9,320,145,112,462"
604,"606,604,485,297,114,4,215,12,229,112,145,9,603,605,304,462,69,510,418,478"
605,"605,606,215,4,304,11,12,297,267,159,510,473,25,214,454,485,320,9,452,435"
606,"606,605,485,12,215,297,4,304,452,9,454,11,114,478,267,473,33,134,603,472"
